日期,代码,名称,当前价,涨幅(%),建议止损价,FVG,换手率(%),市盈率(动),总市值(亿),流通市值(亿),年涨幅(%)
2025-12-25,000021,深科技,24.8,-0.52,23.45,bull,4.73,38.68,389.78,389.71,31.43
2025-12-25,000036,华联控股,7.1,5.34,6.05,bull,23.88,209.49,99.67,99.48,74.02
2025-12-25,000048,京基智农,14.86,4.65,13.49,bull,3.5,19.84,78.8,78.22,-14.05
2025-12-25,000059,华锦股份,5.14,0.0,4.97,bull,1.42,-4.42,82.21,82.21,7.76
2025-12-25,000063,中兴通讯,38.11,-0.42,35.55,bull,2.46,25.69,1823.01,1534.93,-4.2
2025-12-25,000159,国际实业,5.78,-0.86,5.45,bull,3.37,103.62,27.78,27.78,-3.67
2025-12-25,000403,派林生物,13.92,-0.64,13.33,bull,1.46,27.78,132.3,130.95,-12.89
2025-12-25,000488,ST晨鸣,2.23,1.36,2.1,bull,2.49,-0.82,65.59,37.49,-26.89
2025-12-25,000513,丽珠集团,35.15,0.2,34.38,bull,0.57,13.59,317.79,205.39,-4.79
2025-12-25,000519,中兵红箭,17.68,1.03,16.78,bull,1.75,-313.93,246.2,246.2,22.35
2025-12-25,000534,万泽股份,24.15,2.33,20.96,bull,4.07,54.31,123.06,120.74,88.38
2025-12-25,000547,航天发展,25.6,2.69,21.78,bull,33.26,-62.78,409.21,406.81,250.21
2025-12-25,000551,创元科技,16.68,10.03,14.33,bull,27.38,27.75,80.85,80.56,68.83
2025-12-25,000559,万向钱潮,13.44,9.98,11.47,bull,4.53,43.22,445.58,445.47,125.13
2025-12-25,000565,渝三峡Ａ,7.8,2.5,7.28,bull,3.49,153.81,33.82,33.82,44.44
2025-12-25,000576,甘化科工,10.51,1.06,9.97,bull,1.73,44.37,45.87,45.59,44.77
2025-12-25,000599,青岛双星,6.43,2.39,5.86,bull,2.58,-15.11,52.52,52.52,44.82
2025-12-25,000608,*ST阳光,2.57,0.0,2.39,bull,2.16,-20.06,19.27,19.16,14.22
2025-12-25,000617,中油资本,9.58,3.46,8.94,bull,1.83,22.73,1211.11,1211.11,41.51
2025-12-25,000632,三木集团,6.31,-2.92,5.35,bull,27.06,-16.12,29.37,29.37,71.93
2025-12-25,000636,风华高科,16.48,0.24,15.27,bull,2.11,62.59,190.68,190.68,16.06
2025-12-25,000668,*ST荣控,10.25,1.18,9.28,bull,3.09,-41.19,15.05,15.05,59.41
2025-12-25,000672,上峰水泥,11.97,1.01,10.98,bull,2.19,16.48,116.04,116.04,70.27
2025-12-25,000681,视觉中国,22.14,0.73,20.59,bull,4.61,156.54,155.11,149.7,6.44
2025-12-25,000677,恒天海龙,4.5,-0.66,4.21,bull,8.17,1061.19,38.88,38.88,9.76
2025-12-25,000682,东方电子,11.94,0.42,11.41,bull,0.92,24.25,160.08,160.06,12.32
2025-12-25,000701,厦门信达,6.93,1.17,6.21,bull,6.65,529.19,46.83,46.26,51.64
2025-12-25,000703,恒逸石化,9.71,3.96,8.44,bull,2.12,113.53,349.81,347.96,55.86
2025-12-25,000712,锦龙股份,12.13,1.34,11.47,bull,1.82,53.57,108.68,108.65,-19.78
2025-12-25,000733,振华科技,51.6,0.04,49.62,bull,3.7,34.41,285.95,285.91,22.89
2025-12-25,000777,中核科技,23.46,9.99,19.97,bull,12.68,60.47,89.95,89.95,31.21
2025-12-25,000811,冰轮环境,18.06,1.92,16.42,bull,4.79,31.4,179.24,176.7,95.45
2025-12-25,000815,美利云,11.32,0.18,10.78,bull,1.24,182.51,78.7,78.7,-1.14
2025-12-25,000830,鲁西化工,16.67,3.8,15.05,bull,2.08,23.27,317.45,317.42,47.0
2025-12-25,000881,中广核技,8.98,0.9,8.21,bull,3.46,-62.53,84.9,75.57,22.51
2025-12-25,000880,潍柴重机,27.87,-0.29,26.17,bull,6.58,51.89,129.27,63.27,129.38
2025-12-25,000887,中鼎股份,22.95,1.01,21.77,bull,2.84,17.34,302.13,301.65,77.63
2025-12-25,000923,河钢资源,20.08,-0.25,18.7,bull,1.77,18.28,131.07,126.08,49.85
2025-12-25,000967,盈峰环境,7.3,4.73,6.71,bull,1.62,36.79,231.19,231.08,52.72
2025-12-25,000977,浪潮信息,66.33,-0.26,62.45,bull,3.04,49.29,974.04,972.95,28.25
2025-12-25,001212,中旗新材,54.23,10.0,45.6,bull,8.35,2203.41,108.71,94.0,225.12
2025-12-25,001229,魅视科技,38.61,1.61,35.43,bull,2.77,73.81,39.56,20.34,9.91
2025-12-25,001236,弘业期货,10.67,0.19,10.2,bull,1.21,3859.23,107.53,80.89,10.8
2025-12-25,001256,炜冈科技,21.35,1.62,20.07,bull,0.76,28.15,30.45,30.17,35.99
2025-12-25,001260,坤泰股份,20.38,1.09,19.22,bull,3.24,47.07,23.44,6.47,29.4
2025-12-25,001298,好上好,29.97,1.08,28.17,bull,4.09,135.74,88.95,49.33,73.94
2025-12-25,001287,中电港,22.53,0.04,21.16,bull,4.6,49.85,171.21,98.54,11.53
2025-12-25,001308,康冠科技,20.83,0.29,20.21,bull,0.29,21.86,146.53,103.41,-22.74
2025-12-25,001309,德明利,217.27,-1.69,195.77,bull,13.05,-1365.45,492.96,349.54,250.04
2025-12-25,001316,润贝航科,38.93,2.21,35.23,bull,6.87,28.5,44.81,43.33,93.59
2025-12-25,001324,长青科技,18.3,0.83,17.37,bull,1.89,51.65,25.25,14.94,7.71
2025-12-25,001322,箭牌家居,9.31,1.97,8.71,bull,1.05,207.49,90.04,73.14,16.96
2025-12-25,001331,胜通能源,38.27,10.0,35.89,bull,1.64,182.48,108.01,64.25,386.9
2025-12-25,001339,智微智能,49.22,1.34,46.59,bull,2.0,71.11,124.15,58.76,34.81
2025-12-25,001373,翔腾新材,31.14,2.91,28.56,bull,9.75,-87.78,21.39,10.32,6.21
2025-12-25,001378,德冠新材,23.1,0.52,22.28,bull,1.56,38.83,30.8,15.19,3.73
2025-12-25,001380,华纬科技,22.77,1.29,21.65,bull,2.28,22.61,61.67,20.04,56.07
2025-12-25,001400,江顺科技,74.56,10.0,63.08,bull,32.49,51.26,44.74,11.18,103.94
2025-12-25,002006,精工科技,21.88,3.94,19.67,bull,4.26,58.93,113.73,113.73,33.82
2025-12-25,002008,大族激光,41.78,0.48,38.69,bull,3.66,37.37,430.17,399.72,69.42
2025-12-25,002011,盾安环境,12.9,-0.62,12.41,bull,1.61,13.53,138.63,118.58,19.33
2025-12-25,002012,凯恩股份,6.6,3.29,6.02,bull,4.9,132.86,30.86,30.81,27.91
2025-12-25,002015,协鑫能科,10.24,-0.29,9.75,bull,1.46,16.36,166.23,166.23,33.68
2025-12-25,002026,山东威达,15.04,4.88,13.31,bull,6.77,21.63,66.26,63.62,54.89
2025-12-25,002034,旺能环境,16.13,0.12,15.75,bull,0.44,9.52,70.0,69.65,7.46
2025-12-25,002067,景兴纸业,5.68,4.99,5.01,bull,14.63,153.76,83.77,75.98,43.43
2025-12-25,002080,中材科技,39.57,-1.96,36.1,bull,3.11,33.66,664.03,664.03,207.7
2025-12-25,002079,苏州固锝,9.61,0.21,9.2,bull,1.33,93.46,77.9,77.83,-6.24
2025-12-25,002082,万邦德,13.42,10.0,11.19,bull,4.0,1378.01,82.09,74.25,108.71
2025-12-25,002092,中泰化学,4.72,-0.84,4.53,bull,0.88,-51.16,122.25,121.57,9.51
2025-12-25,002111,威海广泰,10.32,1.67,9.67,bull,1.94,32.49,54.9,49.66,-4.88
2025-12-25,002119,康强电子,16.86,0.66,16.03,bull,2.85,49.22,63.27,63.27,9.13
2025-12-25,002117,东港股份,13.61,3.26,12.55,bull,4.04,43.42,71.28,71.26,18.66
2025-12-25,002126,银轮股份,38.84,6.27,34.4,bull,5.07,36.58,327.67,307.83,108.82
2025-12-25,002134,天津普林,26.5,3.84,23.68,bull,13.3,323.22,65.15,65.11,38.02
2025-12-25,002139,拓邦股份,13.68,1.41,13.14,bull,1.73,30.43,170.57,146.51,1.03
2025-12-25,002138,顺络电子,36.78,0.0,34.62,bull,1.87,28.92,296.56,278.24,19.07
2025-12-25,002149,西部材料,46.2,10.0,37.9,bull,26.0,244.27,225.55,225.52,165.52
2025-12-25,002152,广电运通,12.61,1.12,12.19,bull,0.99,39.0,313.15,313.0,10.03
2025-12-25,002158,汉钟精机,25.28,-3.1,23.9,bull,2.4,25.88,135.18,134.89,40.91
2025-12-25,002161,远 望 谷,7.26,1.26,6.87,bull,1.49,27.84,53.71,51.16,30.58
2025-12-25,002163,海南发展,20.68,6.87,17.54,bull,38.88,-35.92,174.74,166.17,121.18
2025-12-25,002166,莱茵生物,9.43,-1.46,8.54,bull,11.55,74.51,69.93,69.77,27.95
2025-12-25,002173,创新医疗,22.06,1.47,20.18,bull,10.32,1545.38,97.35,91.84,177.14
2025-12-25,002174,游族网络,12.68,0.88,11.8,bull,4.05,122.48,124.69,124.62,35.61
2025-12-25,002190,成飞集成,37.22,2.25,34.56,bull,3.45,-290.14,133.52,133.52,92.45
2025-12-25,002195,岩山科技,6.87,0.0,6.54,bull,1.74,160.04,389.57,384.81,73.05
2025-12-25,002197,证通电子,11.1,10.01,9.24,bull,10.2,-77.54,68.19,59.27,174.75
2025-12-25,002201,九鼎新材,11.32,10.01,10.69,bull,1.08,73.25,73.77,68.15,118.53
2025-12-25,002208,合肥城建,11.35,-0.53,10.19,bull,4.77,-174.2,91.17,91.15,59.63
2025-12-25,002209,达 意 隆,16.64,3.48,15.25,bull,9.29,24.06,33.12,26.01,80.28
2025-12-25,002213,大为股份,27.09,1.31,24.2,bull,17.8,-641.11,64.33,56.0,99.93
2025-12-25,002225,濮耐股份,6.04,-0.17,5.61,bull,3.21,55.36,70.02,58.84,22.76
2025-12-25,002228,合兴包装,6.55,10.08,5.97,bull,1.14,37.34,79.48,79.21,131.45
2025-12-25,002236,大华股份,19.08,-0.1,18.42,bull,1.14,13.3,627.11,403.73,24.22
2025-12-25,002241,歌尔股份,28.73,-0.9,26.91,bull,2.62,29.53,1018.66,901.68,12.58
2025-12-25,002245,蔚蓝锂芯,18.38,4.14,16.47,bull,11.28,31.0,212.07,199.45,72.91
2025-12-25,002248,华东数控,11.33,1.98,10.41,bull,3.75,113.01,34.84,34.84,45.44
2025-12-25,002253,*ST智胜,11.6,4.98,10.52,bull,3.98,-30.38,26.17,24.16,-16.06
2025-12-25,002254,泰和新材,9.88,2.07,9.37,bull,1.62,171.37,84.68,80.89,5.67
2025-12-25,002264,新 华 都,10.35,9.99,8.46,bull,8.85,31.4,74.5,67.77,70.23
2025-12-25,002273,水晶光电,25.01,-0.71,23.76,bull,1.59,26.53,347.8,340.69,14.1
2025-12-25,002276,万马股份,16.54,2.41,15.38,bull,4.83,30.46,167.23,166.6,96.67
2025-12-25,002278,神开股份,12.24,1.24,11.13,bull,12.64,88.44,44.54,40.88,131.82
2025-12-25,002284,亚太股份,15.6,-2.07,14.75,bull,5.89,26.33,115.3,114.07,102.86
2025-12-25,002289,*ST宇顺,31.14,4.99,28.21,bull,0.99,-552.69,87.27,87.18,774.72
2025-12-25,002290,禾盛新材,42.91,1.49,39.63,bull,1.45,55.42,106.47,106.16,150.94
2025-12-25,002291,遥望科技,6.4,-0.16,5.97,bull,3.27,-10.83,59.87,55.62,1.43
2025-12-25,002297,博云新材,12.39,10.04,11.32,bull,4.15,177.3,71.01,71.01,80.09
2025-12-25,002296,辉煌科技,11.01,0.36,10.54,bull,2.23,19.79,42.89,38.25,14.57
2025-12-25,002298,中电鑫龙,10.49,0.0,9.77,bull,4.84,213.58,77.64,69.3,97.18
2025-12-25,002303,美盈森,4.2,0.48,4.0,bull,3.5,18.54,64.32,40.61,24.26
2025-12-25,002306,*ST云网,2.13,4.93,1.91,bull,10.69,-68.93,18.53,17.34,-26.04
2025-12-25,002319,乐通股份,12.23,1.75,10.89,bull,4.63,-4081.23,25.62,24.46,15.05
2025-12-25,002328,新朋股份,6.86,0.88,6.45,bull,2.96,28.02,52.94,39.16,14.52
2025-12-25,002324,普利特,14.64,1.53,13.21,bull,7.93,37.57,162.85,113.65,54.43
2025-12-25,002335,科华数据,56.6,-0.54,52.26,bull,5.92,63.51,291.72,257.34,96.39
2025-12-25,002337,赛象科技,6.58,3.3,5.99,bull,5.78,58.47,38.73,38.69,32.93
2025-12-25,002342,巨力索具,7.65,2.14,6.92,bull,11.03,497.87,73.44,73.03,136.84
2025-12-25,002361,神剑股份,11.97,10.02,10.93,bull,9.67,281.59,113.84,96.85,121.67
2025-12-25,002363,隆基机械,10.31,10.03,9.64,bull,1.05,77.75,42.98,42.86,58.37
2025-12-25,002364,中恒电气,27.01,-2.39,24.43,bull,11.24,157.31,152.22,150.74,152.67
2025-12-25,002370,亚太药业,7.54,2.86,6.92,bull,6.24,43.38,56.22,56.22,147.21
2025-12-25,002373,千方科技,11.79,1.64,10.98,bull,3.25,73.95,186.3,162.42,16.27
2025-12-25,002383,合众思壮,11.74,3.25,10.75,bull,24.0,831.59,86.92,86.92,48.98
2025-12-25,002384,东山精密,85.88,2.12,76.55,bull,4.49,96.44,1572.98,1190.57,194.82
2025-12-25,002391,长青股份,6.0,1.01,5.7,bull,1.04,55.9,38.98,27.85,19.76
2025-12-25,002392,北京利尔,7.71,0.92,7.28,bull,1.05,19.79,91.79,88.19,64.39
2025-12-25,002398,垒知集团,6.21,0.32,5.7,bull,7.1,33.33,43.35,35.35,44.08
2025-12-25,002406,远东传动,7.93,3.93,7.33,bull,4.81,45.55,57.91,47.76,25.87
2025-12-25,002407,多氟多,34.12,-0.12,30.11,bull,16.37,390.28,406.18,368.68,188.91
2025-12-25,002416,爱施德,12.12,0.0,11.7,bull,1.1,33.41,150.2,148.34,-23.15
2025-12-22,002420,毅昌科技,8.43,5.64,7.53,bull,0.0,68.29,34.67,33.68,59.66
2025-12-25,002423,中粮资本,11.91,1.71,11.41,bull,0.97,20.07,274.42,274.42,-9.98
2025-12-25,002426,胜利精密,3.61,2.85,3.22,bull,9.61,-126.03,122.83,122.83,34.7
2025-12-25,002427,尤夫股份,6.69,-1.47,6.33,bull,5.72,254.91,65.93,65.88,92.24
2025-12-25,002429,兆驰股份,7.49,0.81,6.93,bull,4.3,25.42,339.07,338.87,32.1
2025-12-25,002436,兴森科技,20.93,-1.32,19.34,bull,3.61,202.91,355.74,316.15,88.9
2025-12-25,002441,众业达,9.29,1.75,8.8,bull,1.54,20.97,50.59,37.07,27.61
2025-12-25,002440,闰土股份,7.75,0.65,7.4,bull,1.0,29.03,87.11,73.34,18.14
2025-12-25,002449,国星光电,8.47,0.24,8.12,bull,1.32,126.26,52.39,52.39,-37.58
2025-12-25,002452,长高电新,8.35,0.48,7.96,bull,2.76,19.16,51.8,43.08,14.23
2025-12-25,002459,晶澳科技,11.63,1.75,10.8,bull,1.28,-8.13,384.92,384.46,-15.42
2025-12-25,002471,中超控股,5.69,3.64,5.07,bull,33.42,-233.81,77.88,75.99,108.42
2025-12-25,002472,双环传动,44.6,4.57,40.59,bull,3.66,31.63,378.91,336.82,47.58
2025-12-25,002484,江海股份,30.42,-2.53,28.35,bull,4.45,36.28,258.73,249.59,75.64
2025-12-25,002489,浙江永强,4.03,0.0,3.84,bull,1.95,9.66,87.41,77.1,25.94
2025-12-25,002530,金财互联,10.26,0.2,9.72,bull,3.73,104.24,79.95,71.32,9.03
2025-12-25,002546,新联电子,7.14,0.14,6.8,bull,2.46,8.35,59.55,57.21,69.6
2025-12-25,002553,南方精工,27.11,2.88,25.12,bull,7.02,19.6,95.81,67.99,112.46
2025-12-25,002559,亚威股份,10.11,1.4,9.62,bull,2.54,40.83,55.58,50.59,13.6
2025-12-25,002560,通达股份,10.67,10.0,9.03,bull,8.55,31.88,56.1,48.33,56.45
2025-12-25,002569,*ST步森,11.82,4.97,10.53,bull,1.28,-225.36,17.02,16.54,12.89
2025-12-25,002587,奥拓电子,6.75,1.2,6.35,bull,2.57,208.24,43.98,35.54,12.88
2025-12-25,002592,ST八菱,7.69,5.05,7.21,bull,4.77,17.49,21.79,20.2,66.81
2025-12-25,002593,日上集团,6.46,5.73,5.66,bull,21.05,49.83,51.93,36.1,28.69
2025-12-25,002598,山东章鼓,10.88,2.35,10.01,bull,2.66,41.1,33.95,30.62,16.36
2025-12-25,002601,龙佰集团,19.06,0.9,18.07,bull,1.66,20.35,454.44,378.84,11.66
2025-12-25,002606,大连电瓷,9.01,0.45,8.67,bull,1.55,25.71,39.56,37.94,-1.96
2025-12-25,002623,亚玛顿,18.28,0.77,17.3,bull,0.91,-45.81,36.39,36.31,22.27
2025-12-25,002631,德尔未来,6.22,5.78,5.46,bull,8.49,-52.46,49.59,49.36,40.41
2025-12-25,002651,利君股份,11.86,4.77,10.5,bull,7.41,105.46,122.57,67.06,63.14
2025-12-25,002655,共达电声,12.86,0.31,12.15,bull,4.57,55.3,46.54,46.53,1.26
2025-12-25,002657,中科金财,27.72,1.09,25.83,bull,7.62,-63.18,94.26,93.17,51.31
2025-12-25,002669,康达新材,15.05,1.14,13.76,bull,6.91,40.75,45.66,45.56,56.28
2025-12-25,002670,国盛证券,17.1,0.06,16.28,bull,1.48,102.53,330.9,277.59,30.63
2025-12-25,002686,亿利达,6.64,0.15,6.19,bull,2.1,78.35,37.6,34.71,24.11
2025-12-25,002701,奥瑞金,6.18,-0.16,5.89,bull,1.77,11.02,158.19,158.05,11.35
2025-12-25,002708,光洋股份,13.12,3.39,12.25,bull,5.35,86.98,73.75,67.44,17.77
2025-12-25,002745,木林森,9.87,0.3,9.21,bull,3.55,52.51,146.49,105.08,13.84
2025-12-25,002752,昇兴股份,8.01,-2.79,7.03,bull,11.95,27.1,78.25,78.24,28.16
2025-12-25,002759,天际股份,45.0,6.84,34.86,bull,34.0,-166.76,225.62,225.42,413.11
2025-12-25,002761,浙江建投,8.61,-0.12,8.4,bull,0.58,46.29,93.14,93.14,-1.37
2025-12-25,002765,蓝黛科技,12.11,-0.57,11.5,bull,4.07,34.73,78.97,72.16,41.64
2025-12-25,002771,真视通,15.11,0.13,14.43,bull,1.46,-45.05,31.7,26.37,-14.0
2025-12-25,002779,中坚科技,114.56,1.91,103.08,bull,2.18,705.73,211.71,189.95,136.25
2025-12-25,002782,可立克,18.95,-1.51,17.78,bull,2.42,30.34,93.99,92.19,51.6
2025-12-25,002789,*ST建艺,10.0,5.04,8.68,bull,2.43,-3.5,15.96,15.65,9.29
2025-12-25,002795,永和智控,6.84,3.01,6.0,bull,6.44,-37.82,30.49,29.75,67.65
2025-12-25,002796,世嘉科技,28.5,-0.11,25.18,bull,19.99,-105.74,71.92,64.9,154.01
2025-12-25,002801,微光股份,34.92,2.83,32.63,bull,2.58,20.68,80.19,40.44,45.74
2025-12-25,002803,吉宏股份,17.1,-0.18,16.12,bull,5.35,26.79,77.02,49.38,38.46
2025-12-25,002811,郑中设计,14.66,2.88,13.38,bull,2.88,24.99,45.15,41.5,80.32
2025-12-25,002824,和胜股份,19.13,2.63,17.46,bull,4.45,44.52,59.53,36.19,23.18
2025-12-25,002829,星网宇达,30.1,0.13,27.41,bull,21.76,122.25,62.55,43.96,58.76
2025-12-25,002827,高争民爆,39.7,-4.75,37.24,bull,7.29,65.45,109.99,109.57,58.23
2025-12-25,002837,英维克,110.81,-0.32,101.54,bull,8.4,203.37,1082.12,942.1,258.38
2025-12-25,002841,视源股份,38.98,0.28,37.39,bull,0.62,23.47,271.31,203.22,7.59
2025-12-25,002846,英联股份,16.55,1.72,15.46,bull,4.19,147.36,69.51,42.54,101.34
2025-12-25,002845,同兴达,14.39,-0.62,13.69,bull,2.6,-229.82,47.13,36.01,-4.83
2025-12-25,002848,*ST高斯,8.3,1.47,7.55,bull,2.87,-24.76,13.87,13.69,9.5
2025-12-25,002851,麦格米特,92.47,-1.93,85.03,bull,6.53,179.42,508.66,423.39,50.58
2025-12-25,002860,星帅尔,13.72,0.29,12.85,bull,1.97,20.91,49.35,47.97,41.3
2025-12-25,002863,今飞凯达,5.96,1.71,5.54,bull,3.64,36.94,35.73,35.73,29.0
2025-12-25,002866,传艺科技,17.69,0.11,16.63,bull,2.84,55.76,51.22,32.07,9.33
2025-12-25,002871,伟隆股份,16.79,-1.7,15.67,bull,5.19,30.85,42.29,25.08,80.54
2025-12-25,002876,三利谱,23.44,0.21,22.46,bull,1.03,67.94,40.76,34.91,-8.11
2025-12-25,002882,金龙羽,31.7,1.83,29.58,bull,3.83,98.02,137.23,78.22,100.89
2025-12-25,002886,沃特股份,20.39,1.29,19.28,bull,2.66,133.72,53.67,42.63,22.98
2025-12-25,002903,宇环数控,22.37,2.15,20.31,bull,4.12,858.89,35.05,23.86,38.34
2025-12-25,002909,集泰股份,7.79,-4.42,7.16,bull,30.57,-528.53,30.38,29.63,59.96
2025-12-25,002921,联诚精密,15.58,2.77,14.35,bull,3.34,-151.57,23.21,20.02,42.41
2025-12-25,002922,伊戈尔,33.14,-1.4,30.15,bull,3.72,59.07,140.25,123.88,89.16
2025-12-25,002927,泰永长征,20.39,1.19,17.9,bull,12.58,102.62,45.51,45.01,38.33
2025-12-25,002931,锋龙股份,21.65,10.01,19.86,bull,0.39,164.88,47.31,43.57,33.56
2025-12-25,002938,鹏鼎控股,51.93,-1.78,48.26,bull,0.96,37.5,1203.76,1199.26,46.36
2025-12-25,002947,恒铭达,56.28,8.27,49.74,bull,14.4,26.51,144.19,108.41,71.9
2025-12-25,002953,日丰股份,11.74,0.0,11.18,bull,2.24,31.14,57.71,24.97,17.87
2025-12-25,002949,华阳国际,15.5,5.59,13.82,bull,8.19,32.28,30.39,23.54,-11.28
2025-12-25,002956,西麦食品,26.74,1.83,24.58,bull,1.49,33.9,59.7,59.69,64.55
2025-12-25,002957,科瑞技术,22.63,2.03,21.05,bull,5.8,28.87,95.04,94.75,45.81
2025-12-25,002961,瑞达期货,29.0,-0.72,26.05,bull,8.47,25.57,131.53,131.53,107.29
2025-12-25,002965,祥鑫科技,38.78,2.43,36.38,bull,4.36,48.67,102.91,77.34,49.61
2025-12-25,002969,嘉美包装,8.9,10.01,8.36,bull,0.22,162.86,85.04,84.49,188.96
2025-12-25,002975,博杰股份,81.4,-0.18,74.51,bull,5.15,92.56,130.49,86.17,168.38
2025-12-25,002981,朝阳科技,29.27,0.76,27.49,bull,2.06,30.49,40.24,34.95,26.93
2025-12-25,002993,奥海科技,44.57,-2.79,42.16,bull,1.4,25.73,123.03,106.28,12.78
2025-12-25,003003,天元股份,15.4,10.0,13.07,bull,32.63,41.11,27.21,18.14,63.66
2025-12-25,003007,直真科技,39.01,10.01,36.82,bull,7.03,-62.57,39.72,28.04,28.11
2025-12-25,003016,欣贺股份,10.78,4.36,9.42,bull,19.51,327.65,45.33,44.29,24.62
2025-12-25,003015,日久光电,15.91,0.32,15.26,bull,1.44,43.61,44.72,39.36,12.76
2025-12-25,003019,宸展光电,33.89,0.62,31.74,bull,2.09,28.74,59.9,57.9,35.13
2025-12-25,003025,思进智能,14.29,1.93,13.59,bull,2.19,26.24,40.58,32.35,23.62
2025-12-25,003026,中晶科技,31.34,-0.13,29.87,bull,1.84,89.44,40.62,29.99,-3.27
2025-12-25,003028,振邦智能,29.55,0.85,28.26,bull,1.21,42.27,42.76,20.84,9.12
2025-12-25,003042,中农联合,16.32,2.58,15.05,bull,4.27,-38.93,23.25,20.79,14.53
2025-12-25,600007,中国国贸,19.68,1.65,18.86,bull,0.25,15.81,198.23,198.23,-15.75
2025-12-25,600053,九鼎投资,20.7,3.09,18.7,bull,2.67,-134.79,89.74,89.74,49.24
2025-12-25,600067,冠城新材,4.33,0.23,3.92,bull,3.23,54.45,60.26,60.26,78.19
2025-12-25,600094,大名城,4.33,-1.37,3.99,bull,2.03,29.32,100.67,92.07,18.96
2025-12-25,600095,湘财股份,11.31,1.16,10.76,bull,1.0,54.9,323.37,323.37,57.08
2025-12-25,600103,青山纸业,4.51,4.64,3.81,bull,27.71,116.63,101.06,99.78,76.86
2025-12-25,600105,永鼎股份,23.53,0.81,21.02,bull,16.55,78.4,344.01,344.01,382.17
2025-12-25,600110,诺德股份,7.34,-1.87,6.67,bull,5.77,-101.9,127.36,127.36,83.5
2025-12-25,600113,浙江东日,67.29,4.34,59.83,bull,2.09,185.01,283.41,276.85,387.61
2025-12-25,600131,国网信通,16.22,0.31,15.65,bull,0.38,41.52,194.37,193.98,-13.45
2025-12-25,600171,上海贝岭,31.92,1.01,30.47,bull,2.27,83.09,226.29,226.29,-19.21
2025-12-25,600179,安通控股,5.95,9.98,5.07,bull,4.3,28.44,251.78,229.81,110.25
2025-12-25,600184,光电股份,18.94,0.42,17.46,bull,2.82,335.6,110.37,96.36,83.53
2025-12-25,600183,生益科技,70.68,-2.64,63.31,bull,2.2,52.71,1716.9,1692.43,206.64
2025-12-25,600193,*ST创兴,4.0,0.76,3.75,bull,1.84,-165.24,17.01,17.01,17.99
2025-12-25,600230,沧州大化,13.63,1.04,12.74,bull,2.47,88.86,56.42,56.42,27.38
2025-12-25,600235,民丰特纸,6.99,2.95,6.41,bull,5.04,98.8,24.56,24.56,23.72
2025-12-25,600251,冠农股份,9.22,0.11,8.78,bull,1.23,15.48,71.64,71.64,29.68
2025-12-25,600262,北方股份,26.15,1.83,24.32,bull,3.34,18.4,44.46,44.46,45.36
2025-12-25,600293,三峡新材,3.18,1.27,2.98,bull,1.95,-46.23,36.89,36.89,0.95
2025-12-25,600308,华泰股份,4.09,5.14,3.7,bull,3.67,64.1,62.04,62.04,12.67
2025-12-25,600309,万华化学,76.71,-0.47,73.56,bull,0.78,19.67,2401.38,2401.38,8.62
2025-12-25,600316,洪都航空,32.33,2.05,30.24,bull,1.74,1464.35,231.84,231.84,0.72
2025-12-25,600326,西藏天路,11.28,1.26,10.64,bull,4.08,510.02,153.69,153.69,74.61
2025-12-25,600330,天通股份,12.5,-4.14,11.19,bull,16.26,201.74,154.18,154.18,76.55
2025-12-25,600343,航天动力,43.27,3.52,35.73,bull,25.29,-189.57,276.15,276.15,312.1
2025-12-25,600346,恒力石化,20.74,1.97,19.22,bull,0.42,21.8,1459.91,1459.91,39.95
2025-12-25,600353,旭光电子,16.55,-1.19,15.28,bull,3.07,101.92,137.36,137.17,131.15
2025-12-25,600356,恒丰纸业,9.23,3.24,8.55,bull,5.77,13.95,27.57,27.57,22.9
2025-12-25,600388,龙净环保,16.77,0.66,15.94,bull,0.93,20.47,212.99,212.99,35.57
2025-12-25,600418,江淮汽车,49.32,0.96,46.28,bull,1.67,-56.33,1077.15,1077.15,31.52
2025-12-25,600426,华鲁恒升,31.62,2.7,29.11,bull,0.81,21.21,671.36,670.17,50.14
2025-12-25,600433,冠豪高新,3.36,3.07,3.12,bull,2.49,-46.76,58.81,58.81,8.04
2025-12-25,600475,华光环能,19.47,1.94,17.69,bull,3.69,40.54,186.13,183.58,127.45
2025-12-25,600481,双良节能,5.78,-0.52,5.44,bull,1.89,-14.94,108.3,108.3,5.09
2025-12-25,600482,中国动力,20.93,1.21,19.89,bull,1.04,29.29,471.67,471.67,-13.51
2025-12-25,600528,中铁工业,8.13,0.62,7.9,bull,0.5,13.64,180.61,180.61,2.14
2025-12-25,600525,ST长园,3.78,2.16,3.54,bull,2.22,-11.4,49.85,49.85,-22.54
2025-12-25,600563,法拉电子,105.46,-0.11,101.45,bull,0.87,20.05,237.28,237.28,-9.8
2025-12-25,600570,恒生电子,30.09,1.62,28.52,bull,2.02,93.92,569.94,569.94,7.89
2025-12-25,600577,精达股份,12.21,10.0,10.31,bull,9.63,43.65,262.42,262.42,69.35
2025-12-25,600590,泰豪科技,9.35,2.19,8.72,bull,2.79,122.03,79.74,78.87,72.51
2025-12-25,600602,云赛智联,17.89,0.11,17.18,bull,0.72,126.37,244.68,192.19,13.37
2025-12-25,600603,广汇物流,6.72,1.36,6.33,bull,1.11,18.89,80.19,80.19,-30.15
2025-12-25,600619,海立股份,21.38,1.71,19.46,bull,5.28,311.04,229.48,168.73,75.39
2025-12-25,600633,浙数文化,12.82,0.23,12.36,bull,0.76,22.8,162.57,162.57,25.44
2025-12-25,600636,*ST国化,8.71,-0.91,8.42,bull,0.64,83.28,38.21,38.21,-5.63
2025-12-25,600704,物产中大,5.59,-0.18,5.45,bull,0.84,7.1,289.07,289.07,15.26
2025-12-25,600755,厦门国贸,7.93,9.99,6.88,bull,18.06,22.03,169.51,169.08,25.67
2025-12-25,600753,*ST海钦,8.1,-0.12,7.77,bull,0.68,54.49,18.65,18.65,29.6
2025-12-25,600764,中国海防,27.24,1.91,25.45,bull,1.6,94.16,193.58,193.58,-3.61
2025-12-25,600761,安徽合力,22.3,4.3,20.57,bull,12.73,13.29,198.62,198.62,31.56
2025-12-25,600760,中航沈飞,57.25,2.88,52.97,bull,1.48,89.41,1623.09,1573.34,13.77
2025-12-25,600770,综艺股份,5.19,0.39,4.95,bull,0.89,55.73,67.47,67.47,23.87
2025-12-25,600775,南京熊猫,12.09,0.33,11.17,bull,14.1,-92.36,110.48,81.23,20.42
2025-12-25,600783,鲁信创投,19.18,9.98,16.69,bull,6.85,33.36,142.77,142.77,52.22
2025-12-25,600793,宜宾纸业,23.41,10.01,20.17,bull,6.92,205.88,41.41,41.41,0.77
2025-12-25,600820,隧道股份,6.57,0.31,6.39,bull,0.74,12.81,206.57,206.57,-4.64
2025-12-25,600848,上海临港,11.96,3.1,10.96,bull,1.1,20.52,301.69,286.31,20.81
2025-12-25,600865,百大集团,21.7,9.98,18.43,bull,21.01,255.48,81.64,81.64,87.23
2025-12-25,600873,梅花生物,10.23,0.1,9.97,bull,0.66,7.11,286.87,286.87,6.45
2025-12-25,600876,凯盛新能,10.12,0.4,9.53,bull,1.52,-8.22,65.34,40.04,6.64
2025-12-25,600877,电科芯片,16.31,1.49,14.75,bull,4.44,1458.37,193.12,193.12,23.65
2025-12-25,600895,张江高科,42.48,4.81,37.11,bull,5.74,80.02,657.88,657.88,59.82
2025-12-25,600927,永安期货,15.39,-0.32,14.77,bull,0.51,35.38,224.01,224.01,17.48
2025-12-25,600962,国投中鲁,23.09,-1.45,21.59,bull,7.18,159.11,60.54,60.54,75.59
2025-12-25,600966,博汇纸业,6.81,10.02,5.88,bull,3.15,56.21,91.04,91.04,32.75
2025-12-25,600973,宝胜股份,6.88,1.93,6.17,bull,9.3,118.95,94.35,94.35,9.21
2025-12-25,600986,浙文互联,7.55,1.48,6.97,bull,2.03,66.51,112.3,112.3,26.25
2025-12-25,600989,宝丰能源,18.66,-0.05,17.97,bull,0.29,11.47,1368.4,1368.4,15.54
2025-12-25,600990,四创电子,33.49,2.26,29.98,bull,18.2,-75.48,90.78,90.09,57.38
2025-12-25,601068,中铝国际,5.87,-1.84,5.45,bull,1.81,110.65,175.39,150.25,33.11
2025-12-25,601126,四方股份,33.05,6.34,28.87,bull,5.13,29.34,275.37,272.69,103.51
2025-12-25,601138,工业富联,66.72,2.43,60.54,bull,1.02,44.19,13249.38,13249.38,219.85
2025-12-25,601208,东材科技,29.46,1.48,26.23,bull,12.67,79.5,299.94,299.94,295.97
2025-12-25,601233,桐昆股份,16.86,3.12,15.5,bull,1.38,19.64,405.45,403.95,44.1
2025-12-25,601279,英利汽车,5.36,-2.72,4.88,bull,5.02,-118.99,85.0,85.0,40.31
2025-12-25,601555,东吴证券,9.07,0.0,8.82,bull,0.8,11.52,450.66,450.66,22.07
2025-12-25,601696,中银证券,14.85,-1.0,14.11,bull,3.55,36.23,412.53,412.53,33.54
2025-12-25,601800,中国交建,8.37,0.0,8.22,bull,0.13,7.49,1362.19,985.86,-17.54
2025-12-25,601890,亚星锚链,10.31,0.39,9.63,bull,3.06,35.11,98.91,98.91,34.77
2025-12-25,603002,宏昌电子,7.59,-1.43,7.2,bull,2.68,263.33,86.08,86.08,41.87
2025-12-25,603004,鼎龙科技,23.79,2.76,21.93,bull,9.61,34.31,56.03,14.01,16.62
2025-12-25,603015,弘讯科技,12.89,1.34,11.95,bull,2.77,121.93,52.1,52.1,32.61
2025-12-25,603031,安孚科技,48.5,-2.73,43.64,bull,9.74,53.77,125.05,102.39,71.02
2025-12-25,603040,新坐标,85.9,7.59,74.54,bull,2.46,42.02,117.24,116.63,296.4
2025-12-25,603045,福达合金,19.84,1.54,18.59,bull,1.56,36.31,26.87,26.87,56.47
2025-12-25,603050,科林电气,17.91,0.67,16.94,bull,0.63,24.93,72.23,72.23,29.69
2025-12-25,603058,永吉股份,9.82,1.24,9.05,bull,3.34,30.92,40.72,40.62,12.74
2025-12-25,603067,振华股份,31.14,-0.29,27.23,bull,3.89,40.53,221.33,221.33,249.49
2025-12-25,603066,音飞储存,10.93,1.02,10.5,bull,0.62,38.64,32.15,32.15,3.31
2025-12-25,603063,禾望电气,34.97,-0.14,31.75,bull,6.36,35.91,160.07,160.07,76.26
2025-12-25,603068,博通集成,37.37,0.54,34.75,bull,3.14,452.47,56.21,56.21,35.15
2025-12-25,603070,万控智造,13.18,2.17,12.41,bull,0.77,65.91,52.85,52.12,0.76
2025-12-25,603079,圣达生物,17.35,1.82,15.95,bull,2.37,46.12,32.8,32.8,28.8
2025-12-25,603091,众鑫股份,82.9,-2.93,77.94,bull,2.84,32.13,84.76,25.55,80.89
2025-12-25,603085,天成自控,11.34,5.1,10.22,bull,5.97,67.11,45.03,45.03,4.52
2025-12-25,603090,宏盛股份,60.0,-2.71,54.3,bull,10.1,69.9,60.0,60.0,248.63
2025-12-25,603095,越剑智能,15.96,9.99,13.63,bull,4.37,38.28,41.22,41.22,7.26
2025-12-25,603097,江苏华辰,30.03,-1.28,27.79,bull,5.45,51.29,49.38,48.05,28.77
2025-12-25,603098,森特股份,14.29,5.77,13.18,bull,4.14,60.08,77.12,76.99,49.63
2025-12-25,603111,康尼机电,7.07,0.86,6.83,bull,1.13,17.54,60.95,59.85,22.11
2025-12-25,603156,养元饮品,27.22,1.19,25.61,bull,0.43,22.99,343.05,343.05,29.74
2025-12-25,603159,上海亚虹,26.35,4.15,22.18,bull,6.06,-655.53,36.89,36.89,70.44
2025-12-25,603163,圣晖集成,85.92,10.0,70.67,bull,7.23,67.37,85.92,85.92,234.71
2025-12-25,603161,科华控股,13.87,0.51,13.21,bull,1.29,24.75,26.96,26.46,35.58
2025-12-25,603160,汇顶科技,78.84,0.36,75.63,bull,0.68,40.61,366.34,366.34,-1.45
2025-12-25,603166,福达股份,16.06,2.75,14.68,bull,3.29,35.12,103.69,102.9,123.99
2025-12-25,603185,弘元绿能,31.3,2.69,27.84,bull,3.63,68.14,213.8,212.53,92.62
2025-12-25,603186,华正新材,45.76,-3.11,42.27,bull,6.08,77.85,64.99,64.99,89.95
2025-12-25,603207,小方制药,29.03,0.03,28.2,bull,1.04,20.58,46.61,15.79,12.13
2025-12-25,603203,快克智能,38.42,1.77,35.06,bull,5.03,36.83,97.46,95.72,71.75
2025-12-25,603208,江山欧派,15.14,2.09,14.29,bull,2.08,-48.49,26.82,26.82,-16.86
2025-12-25,603212,赛伍技术,15.0,0.0,13.61,bull,12.19,-42.07,65.62,65.62,47.35
2025-12-25,603211,晋拓股份,22.08,2.22,19.63,bull,5.62,80.55,60.02,60.02,47.79
2025-12-25,603216,梦天家居,39.0,5.18,33.01,bull,2.65,115.69,86.85,86.85,265.85
2025-12-25,603218,日月股份,13.34,1.44,12.65,bull,0.91,23.73,137.45,137.14,14.02
2025-12-25,603225,新凤鸣,19.29,5.47,17.09,bull,1.02,25.39,294.09,292.36,76.81
2025-12-25,603256,宏和科技,38.16,0.45,34.63,bull,3.58,181.39,335.7,335.7,357.01
2025-12-25,603261,*ST立航,24.99,3.48,22.78,bull,2.8,-32.71,19.37,19.37,-10.11
2025-12-25,603269,海鸥股份,12.9,2.3,11.72,bull,3.11,58.31,39.83,39.83,73.15
2025-12-25,603267,鸿远电子,51.78,0.19,48.76,bull,3.49,40.35,119.65,119.65,43.99
2025-12-25,603268,*ST松发,89.26,5.0,76.93,bull,4.59,51.12,866.52,110.83,125.06
2025-12-25,603275,众辰科技,42.61,1.91,39.82,bull,6.1,33.94,63.39,17.7,25.8
2025-12-25,603273,天元智能,20.39,-0.05,19.26,bull,9.71,167.87,43.7,11.43,23.8
2025-12-25,603278,大业股份,11.64,10.02,9.61,bull,18.87,127.64,39.78,39.78,53.36
2025-12-25,603283,赛腾股份,45.3,0.67,42.84,bull,4.39,22.98,122.84,122.84,-7.98
2025-12-25,603298,杭叉集团,27.28,-0.94,26.0,bull,0.34,15.29,357.32,357.32,58.7
2025-12-25,603308,应流股份,42.42,1.02,38.5,bull,2.06,73.5,288.05,288.05,202.35
2025-12-25,603311,金海高科,14.75,-0.87,13.71,bull,10.11,34.08,34.79,34.79,49.44
2025-12-25,603316,诚邦股份,14.34,0.35,12.9,bull,2.43,-391.89,37.9,37.9,205.11
2025-12-25,603319,美湖股份,37.3,0.46,33.29,bull,4.27,73.77,126.5,126.5,167.96
2025-12-25,603331,百达精工,13.0,3.42,12.04,bull,5.49,32.99,26.28,26.28,45.58
2025-12-25,603341,龙旗科技,42.57,-0.28,40.26,bull,2.29,29.6,200.22,113.33,-7.98
2025-12-25,603339,四方科技,13.24,1.61,12.68,bull,2.3,29.71,40.97,40.97,6.69
2025-12-25,603375,盛景微,37.29,-0.11,35.43,bull,2.12,146.24,37.54,23.78,0.0
2025-12-25,603389,*ST亚振,43.0,5.01,38.53,bull,0.65,-269.76,112.98,112.98,601.47
2025-12-25,603385,惠达卫浴,7.05,1.29,6.59,bull,1.31,132.07,26.84,26.84,12.8
2025-12-25,603406,天富龙,40.2,0.05,38.93,bull,2.52,37.19,160.8,14.29,74.03
2025-12-25,603409,汇通控股,37.5,1.08,35.39,bull,7.76,30.24,47.26,11.82,58.36
2025-12-25,603396,金辰股份,33.84,1.5,30.18,bull,4.7,69.6,46.88,46.88,26.5
2025-12-25,603500,祥和实业,12.05,2.12,11.3,bull,1.62,27.41,40.1,39.99,59.18
2025-12-25,603507,振江股份,24.91,1.01,23.41,bull,2.52,79.11,45.91,45.28,4.93
2025-12-25,603506,南都物业,13.18,-1.64,12.18,bull,4.09,12.02,24.75,24.75,54.88
2025-12-25,603599,广信股份,11.61,1.57,11.02,bull,0.81,15.23,105.68,105.68,-1.44
2025-12-19,603608,天创时尚,8.33,10.04,7.14,bull,0.0,-501.78,34.96,34.96,123.92
2025-12-25,603610,麒盛科技,20.07,-1.33,18.47,bull,1.91,36.15,70.85,70.85,60.43
2025-12-25,603611,诺力股份,24.42,2.13,23.13,bull,1.91,11.9,62.91,62.91,43.23
2025-12-25,603617,君禾股份,7.46,0.67,7.02,bull,2.84,71.03,29.13,28.62,2.9
2025-12-25,603678,火炬电子,36.45,0.86,34.43,bull,10.39,40.59,173.34,173.34,20.38
2025-12-25,603681,永冠新材,20.06,6.25,17.62,bull,4.99,25.77,38.34,38.34,57.46
2025-12-25,603699,纽威股份,52.35,2.59,48.26,bull,0.61,27.34,405.99,396.89,155.99
2025-12-25,603696,安记食品,26.5,-1.41,22.9,bull,29.63,201.34,62.33,62.33,226.76
2025-12-25,603698,航天工程,37.42,9.99,31.62,bull,7.25,111.85,200.57,200.57,142.99
2025-12-25,603733,仙鹤股份,24.32,3.62,22.37,bull,1.15,16.59,172.12,172.12,20.81
2025-12-25,603726,朗迪集团,22.56,0.0,20.97,bull,1.82,17.86,41.88,41.67,46.4
2025-12-25,603755,日辰股份,37.28,6.67,32.28,bull,4.02,42.87,36.76,36.76,39.83
2025-12-25,603759,海天股份,10.47,0.0,9.81,bull,1.21,34.88,48.35,48.35,17.25
2025-12-25,603778,国晟科技,15.89,6.15,13.38,bull,15.2,-51.81,104.34,102.15,424.42
2025-12-25,603789,*ST星农,5.46,0.37,5.21,bull,0.78,-16.89,14.77,14.2,-29.37
2025-12-25,603806,福斯特,13.62,0.15,12.98,bull,0.53,38.76,355.31,355.31,-6.33
2025-12-25,603809,豪能股份,14.05,10.02,12.14,bull,10.43,36.52,129.3,129.3,59.84
2025-12-25,603819,神力股份,11.76,3.07,10.87,bull,1.9,112.05,25.61,25.61,-4.39
2025-12-25,603855,华荣股份,19.42,0.73,18.89,bull,0.49,16.41,65.54,65.16,0.67
2025-12-25,603869,ST智知,11.19,0.9,10.51,bull,0.38,112.21,55.29,55.29,96.66
2025-12-25,603879,永悦科技,6.08,1.33,5.42,bull,12.5,-177.06,21.85,21.85,58.33
2025-12-25,603887,城地香江,13.88,0.0,13.13,bull,1.15,2196.67,83.56,82.62,-12.81
2025-12-25,603890,春秋电子,17.46,1.22,15.79,bull,11.96,25.85,79.61,79.61,50.52
2025-12-25,603897,长城科技,26.98,0.67,25.62,bull,1.78,19.44,55.7,55.7,24.33
2025-12-25,603915,国茂股份,17.77,3.98,16.32,bull,1.99,47.21,116.68,116.68,54.79
2025-12-25,603926,铁流股份,16.16,0.62,15.18,bull,1.71,37.24,37.93,37.3,88.13
2025-12-25,603969,银龙股份,9.85,-0.51,9.24,bull,1.76,23.2,84.45,83.12,47.46
2025-12-25,603966,法兰泰克,11.55,0.79,10.91,bull,2.95,20.2,46.05,45.94,54.21
2025-12-25,603989,艾华集团,16.91,0.18,16.07,bull,1.41,22.85,67.43,67.43,13.26
2025-12-25,605003,众望布艺,28.63,8.86,23.48,bull,6.72,45.08,31.49,31.49,54.84
2025-12-25,605007,五洲特纸,14.19,10.0,13.04,bull,5.53,27.98,67.51,56.98,13.16
2025-12-25,605060,联德股份,38.38,2.9,34.28,bull,1.22,38.95,92.34,91.71,124.18
2025-12-25,605066,天正电气,7.46,1.36,7.08,bull,1.94,26.85,37.65,37.48,29.29
2025-12-25,605058,澳弘电子,30.45,0.07,28.78,bull,1.52,30.53,43.52,43.52,58.35
2025-12-25,605069,正和生态,12.17,2.61,11.01,bull,40.13,-91.05,25.76,10.24,59.5
2025-12-25,605090,九丰能源,40.74,0.92,37.74,bull,8.4,17.12,283.24,282.62,49.12
2025-12-25,605100,华丰股份,40.98,1.61,37.19,bull,2.44,410.97,69.97,69.64,179.16
2025-12-25,605118,力鼎光电,30.04,0.27,28.44,bull,0.42,42.85,123.37,122.3,74.65
2025-12-25,605116,奥锐特,23.9,0.08,22.59,bull,1.05,20.59,97.08,97.08,14.74
2025-12-25,605122,四方新材,13.9,2.21,12.88,bull,4.63,-50.24,23.96,23.96,30.76
2025-12-25,605123,派克新材,97.9,10.0,83.21,bull,5.4,37.46,118.63,118.63,84.72
2025-12-25,605166,聚合顺,10.43,0.68,9.99,bull,0.74,17.64,32.83,32.83,-11.91
2025-12-25,605178,时空科技,54.67,2.86,46.66,bull,10.44,-34.97,54.17,54.17,280.45
2025-12-25,605218,伟时电子,18.62,0.11,17.78,bull,0.58,122.35,39.63,39.63,-30.05
2025-12-25,605259,绿田机械,22.42,1.13,21.57,bull,1.65,14.48,38.67,38.67,54.09
2025-12-25,605286,同力天启,38.03,0.69,35.29,bull,0.52,24.85,63.89,63.89,26.85
2025-12-25,605305,中际联合,42.75,-0.79,40.61,bull,1.7,15.54,90.85,90.85,55.4
2025-12-25,605333,沪光股份,29.7,-0.34,28.41,bull,0.68,24.33,137.82,129.72,-8.33
2025-12-25,605336,帅丰电器,15.92,-1.73,14.97,bull,2.2,743.48,29.2,29.2,27.16
2025-12-25,605366,宏柏新材,6.37,2.91,5.78,bull,2.57,-42.86,41.41,41.41,17.53
2025-12-25,605369,拱东医疗,19.07,-0.21,18.47,bull,0.7,43.82,42.05,42.05,-3.59
2025-12-25,605507,国邦医药,23.79,2.23,22.52,bull,0.99,14.88,132.94,71.78,17.6
2025-12-25,605598,上海港湾,61.9,10.01,52.61,bull,4.4,143.36,151.4,150.43,177.58
2025-12-25,605589,圣泉集团,29.27,-0.54,27.64,bull,3.19,24.46,247.74,246.92,26.98
